marital,mean_tvhours
No answer,2.5555555555555554
Never married,3.1051752921535893
Separated,3.549618320610687
Divorced,3.0854072398190047
Widowed,3.912
Married,2.6504253673627223
