marital,mean_tv_hours
No answer,2.75
Never married,3.3590078328981723
Separated,3.6512968299711814
Divorced,3.121212121212121
Widowed,3.915237134207871
Married,2.6530958439355388
